kannagrafix
<a target='_blank' href='http://freetamilebooks.com/ebooks/short_stories_collection_3_of_putumaippittan'>kkkkkkkk�</a>~89~50~183~56~378
<a target='_blank' href='http://freetamilebooks.com/ebooks/Mohanjotharo_or_sindhu_Nagarigam'>மொஹெஞ்சொ-தரோ அல்லது சிந்துவெளி நாகரிகம் &#8211; வரலாறு &#8211; மா.இராசமாணிக்கனார்</a>~53~26~115~34~228
<a target='_blank' href='http://freetamilebooks.com/ebooks/thuyarmiguvarigal'>துயர்மிகுவரிகள் &#8211; கட்டுரைகள்_ கவிதைகள் &#8211; ப.மதியழகன்</a>~9~2~55~10~76
<a target='_blank' href='http://freetamilebooks.com/ebooks/Samuthaya_Veethi'>சமுதாய வீதி &#8211; நாவல் &#8211; தீபம் நா.பார்த்தசாரதி</a>~207~78~349~109~743
<a target='_blank' href='http://freetamilebooks.com/ebooks/Thani_Veedu'>தனி வீடு &#8211; சொற்பொழிவுகள் &#8211; கி.வா.ஜகந்நாதன்</a>~91~12~168~41~312
<a target='_blank' href='http://freetamilebooks.com/ebooks/GITA_MULTIPLE_ECHOES'>பகவத்கீதை பன்முகக் குரல்கள் &#8211; கட்டுரைகள் &#8211; ஆர்.பட்டாபிராமன்</a>~75~47~228~86~436
<a target='_blank' href='http://freetamilebooks.com/ebooks/Vadukalin Varalaru'>வடுக்களின் வரலாறு &#8211; கவிதைகள் &#8211; பாம்பன் மு.பிரசாந்த்</a>~83~8~132~41~264
<a target='_blank' href='http://freetamilebooks.com/ebooks/silapathigaram-and-chandramuki-dramas'>சிலப்பதிகாரமும் சந்திரமுகியும் &#8211; நாடகங்கள் &#8211; த.டான் ஸ்டோனி</a>~56~10~67~20~153
<a target='_blank' href='http://freetamilebooks.com/ebooks/Manathakkali_Rasam_II'>மனத்தக்காளி ரசம் II &#8211; நீதிக்கதைகள் &#8211; R.R.கணேசன்</a>~53~29~111~35~228
<a target='_blank' href='http://freetamilebooks.com/ebooks/50-age'>50  வயதினிலே &#8211; கட்டுரைகள் &#8211; ஜோதிஜி திருப்பூர்</a>~935~66~330~97~1428
<a target='_blank' href='http://freetamilebooks.com/ebooks/Kumariyin_mukkutti_short_stories'>குமரியின் மூக்குத்தி &#8211; சிறுகதைகள் &#8211; கி.வா.ஜகந்நாதன்</a>~304~93~356~101~854
<a target='_blank' href='http://freetamilebooks.com/ebooks/Kannit_Tamizh'>கன்னித்தமிழ் &#8211; கட்டுரைகள் &#8211; கி.வா.ஜகந்நாதன்</a>~107~38~163~60~368
<a target='_blank' href='http://freetamilebooks.com/ebooks/kabadapuram'>கபாடபுரம் &#8211; சரித்திர நாவல் &#8211; நா.பார்த்தசாரதி</a>~417~111~568~179~1275
<a target='_blank' href='http://freetamilebooks.com/ebooks/elakai'>ஏலக்காய் &#8211; கட்டுரைகள் &#8211; பூவை.எஸ்.ஆறுமுகம்</a>~805~19~108~32~964
<a target='_blank' href='http://freetamilebooks.com/ebooks/dravidar_iyaka_parvaiyil_bharathiyar'>திராவிடர் இயக்க பார்வையில் பாரதி &#8211; கட்டுரைகள் &#8211; வாலாசா வல்லவன்</a>~172~34~248~87~541
<a target='_blank' href='http://freetamilebooks.com/ebooks/ezhu_peru_vallalgal'>எழு பெரு வள்ளல்கள் &#8211; சங்க இலக்கியம் &#8211; கி.வா.ஜகந்நாதன்</a>~681~22~199~57~959
<a target='_blank' href='http://freetamilebooks.com/ebooks/moovarai_vendran'>﻿மூவரை வென்றான் &#8211; சிறுகதைகள் &#8211; நா.பார்த்தசாரதி</a>~283~74~378~145~880
<a target='_blank' href='http://freetamilebooks.com/ebooks/ethir_vedu'>எதிர்வீடு &#8211; சிறுகதைகள் &#8211; என்.ஸ்ரீதரன்</a>~189~42~139~67~437
<a target='_blank' href='http://freetamilebooks.com/ebooks/thirupumunai'>திருப்புமுனை &#8211; சிறுவர் நாவல் &#8211; மணவை முஸ்தபா</a>~182~50~319~89~640
<a target='_blank' href='http://freetamilebooks.com/ebooks/kaaviyamumoviyamum'>காவியமும் ஓவியமும் &#8211; கட்டுரைகள் &#8211; கி.வா.ஜகந்நாதன்</a>~99~27~167~62~355
<a target='_blank' href='http://freetamilebooks.com/ebooks/putu_meruku'>புது மெருகு &#8211; சிறுகதைகள் &#8211; கி. வா. ஜகந்நாதன்</a>~82~29~195~73~379
<a target='_blank' href='http://freetamilebooks.com/ebooks/Tamizhar_Veeram'>தமிழர் வீரம் &#8211; கட்டுரைகள் &#8211; ரா.பி. சேதுப்பிள்ளை</a>~156~38~248~106~548
<a target='_blank' href='http://freetamilebooks.com/ebooks/siranta_kadhaigal_pathimoondru'>சிறந்த கதைகள் பதிமூன்று &#8211; சிறுகதைகள் &#8211; பலர்</a>~193~38~224~102~557
<a target='_blank' href='http://freetamilebooks.com/ebooks/karikal_valavan'>கரிகால் வளவன் &#8211; வரலாறு &#8211; கி. வா. ஜகந்நாதன்</a>~411~113~613~156~1293
<a target='_blank' href='http://freetamilebooks.com/ebooks/dasavatharam'>தசாவதாரம் &#8211; நாவல் &#8211; அறிஞர் அண்ணா</a>~189~41~272~75~577
<a target='_blank' href='http://freetamilebooks.com/ebooks/eatil_illatha_mahabaratha_kadhaigal'>ஏட்டில் இல்லாத மகாபாரதக் கதைகள் &#8211; சிறுகதைகள் &#8211; புலவர் த. கோவேந்தன்</a>~242~53~297~99~691
<a target='_blank' href='http://freetamilebooks.com/ebooks/ashokarkadhaigal'>அசோகர் கதைகள் &#8211; சிறுகதைகள் &#8211; நாரா. நாச்சியப்பன்</a>~124~29~252~64~469
<a target='_blank' href='http://freetamilebooks.com/ebooks/Maatram_Yematramillai'>மாற்றம் ஏமாற்றமில்லை (கட்டுரைத்தொகுப்பு) &#8211; கட்டுரைகள் &#8211; நிர்மலா ராகவன்</a>~115~26~201~59~401
<a target='_blank' href='http://freetamilebooks.com/ebooks/Vaeruku_Neer'>வேருக்கு நீர் &#8211; நாவல் &#8211; ராஜம் கிருஷ்ணன்</a>~711~77~384~106~1278
<a target='_blank' href='http://freetamilebooks.com/ebooks/karpanavathasocialism'>கற்பனாவாத சோஷலிசமும் விஞ்ஞான சோஷலிசமும் &#8211; கட்டுரைகள் &#8211; ஃபிரெடெரிக் ஏங்கெல்ஸ்</a>~106~41~206~65~418
<a target='_blank' href='http://freetamilebooks.com/ebooks/solaimalai_ilavarasi'>சோலைமலை இளவரசி &#8211; நாவல் &#8211; கல்கி கிருஷ்ணமூர்த்தி</a>~203~51~250~100~604
<a target='_blank' href='http://freetamilebooks.com/ebooks/ezhilarasi_cleopatra'>எழிலரசி  கிளியோபாத்ரா &#8211; நாடகம் &#8211; நாடகம் &#8211; சி. ஜெயபாரதன்</a>~106~36~177~31~350
<a target='_blank' href='http://freetamilebooks.com/ebooks/sekkizhar'>சேக்கிழார் &#8211; வாழ்க்கை வரலாறு &#8211; டாக்டர் மா இராசமாணிக்கனார்</a>~203~104~514~99~920
<a target='_blank' href='http://freetamilebooks.com/ebooks/Immaiyil_Inbam_Soozha'>இம்மையில் இன்பம் சூழ (கட்டுரைத்தொகுப்பு) &#8211; கட்டுரைகள் &#8211; நிர்மலா ராகவன்</a>~122~32~170~50~374
<a target='_blank' href='http://freetamilebooks.com/ebooks/JosephStalin'>ஜோசப் ஸ்டாலின் வாழ்க்கை வரலாறு &#8211; வாழ்க்கை வரலாறு &#8211; நன்மாறன் என்</a>~174~32~236~81~523
<a target='_blank' href='http://freetamilebooks.com/ebooks/kasturbagandhi'>கஸ்தூர்பா காந்தி &#8211; ஓர் பார்வை &#8211; கட்டுரைகள் &#8211; மைதிலி சிவராமன்</a>~170~57~347~100~674
<a target='_blank' href='http://freetamilebooks.com/ebooks/oru_poorva_bavthanin_satchiyam'>ஒரு பூர்வ பௌத்தனின் சாட்சியம் &#8211; கட்டுரைகள் &#8211; ப.மருதநாயகம்</a>~342~106~442~157~1047
<a target='_blank' href='http://freetamilebooks.com/ebooks/binary-uraiyadal/'>பைனரி உரையாடல் &#8211; கவிதைகள் &#8211; விக்னேஷ்</a>~367~220~471~236~1294
<a target='_blank' href='http://freetamilebooks.com/ebooks/dont-miss-the-roots/'>வேர்களை இழக்காதீர் &#8211; கட்டுரைகள் &#8211; பெ. கோபாலன்</a>~987~188~542~200~1917
<a target='_blank' href='http://freetamilebooks.com/ebooks/naan-poems/'>நான் &#8211; கவிதைகள் &#8211; கி.பிரேமாமோனி</a>~642~136~481~205~1464
<a target='_blank' href='http://freetamilebooks.com/ebooks/ezhuthukol_kavithaigal/'>எழுதுகோல் கவிதைகள் &#8211; ச. ரவிச்சந்திரன்</a>~396~111~416~178~1101
<a target='_blank' href='http://freetamilebooks.com/ebooks/sila-ragasiyangal/'>சில ரகசியங்கள் &#8211;  சிறுகதைகள் &#8211; மெலட்டூர் இரா.நடராஜன்</a>~808~199~852~347~2206
<a target='_blank' href='http://freetamilebooks.com/ebooks/story-of-independence/'>சுதந்திரம் பிறந்த கதை &#8211; அழ. வள்ளியப்பா</a>~410~132~416~148~1106
<a target='_blank' href='http://freetamilebooks.com/ebooks/minmini-haiku/'>மின் மினி &#8211; ஹைக்கூ &#8211; விக்னேஷ்</a>~1009~179~582~286~2056
<a target='_blank' href='http://freetamilebooks.com/ebooks/newzealand-travel-memories/'>நியூசிலாந்து பயண நினைவுகள் &#8211; கோ.ந. முத்துக்குமார சுவாமி</a>~422~140~423~160~1145
<a target='_blank' href='http://freetamilebooks.com/ebooks/manifesto-of-the-communist-party/'>கம்யூனிஸ்டுக் கட்சி அறிக்கை &#8211; கார்ல் மார்க்ஸ்_ ஃபிரெடெரிக் ஏங்கெல்ஸ் &#8211; மு.சிவலிங்கம்</a>~709~206~718~306~1939
<a target='_blank' href='http://freetamilebooks.com/ebooks/therrak-kaana-novel/'>தீராக் கனா &#8211; நெடுங்கதை &#8211; தமிழ்</a>~574~158~597~180~1509
<a target='_blank' href='http://freetamilebooks.com/ebooks/sathurangam-poems/'>சதுரங்கம் (கவிதைகள்) &#8211; ப.மதியழகன்</a>~279~80~455~143~957
<a target='_blank' href='http://freetamilebooks.com/ebooks/gnani/'>ஞாநி &#8211; தாயுமானவன் &#8211; ஜோதிஜி திருப்பூர்</a>~1327~127~609~177~2240
<a target='_blank' href='http://freetamilebooks.com/ebooks/sila-ninaivugalin-mugavarigal/'>சில நினைவுகளின் முகவரிகள் &#8211;</a>~276~93~375~145~889
<a target='_blank' href='http://freetamilebooks.com/ebooks/stories-of-smart-world/'>ஸ்மார்ட் உலகத்து கதைகள் &#8211; ம்ரின்சோ நிர்மல்</a>~1082~218~846~271~2417
<a target='_blank' href='http://freetamilebooks.com/ebooks/psycho-poems/'>சைக்கோ &#8211; கவிதைகள் &#8211; விக்னேஷ்</a>~358~97~360~128~943
<a target='_blank' href='http://freetamilebooks.com/ebooks/angum-ingum/'>அங்கும் இங்கும் &#8211; நெ.து.சுந்தரவடிவேலு</a>~242~80~324~116~762
<a target='_blank' href='http://freetamilebooks.com/ebooks/suzhalil_midhakkum_deepangal/'>சுழலில் மிதக்கும் தீபங்கள் &#8211;  ராஜம் கிருஷ்ணன்</a>~261~113~298~119~791
<a target='_blank' href='http://freetamilebooks.com/ebooks/ulagaththamil/'>உலகத்தமிழ் &#8211; நெ. து. சுந்தரவடிவேலு</a>~289~80~290~103~762
<a target='_blank' href='http://freetamilebooks.com/ebooks/kaalaiyar-koil-puranam-short-version/'>காளையார்கோயில் புராணம்  (கதைச் சுருக்கம்) &#8211; நா. வள்ளி_ நா.ரா.கி. காளைராசன்</a>~699~101~445~131~1376
<a target='_blank' href='http://freetamilebooks.com/ebooks/how-to-play-chess/'>சதுரங்கம் விளையாடுவது எப்படி?</a>~541~149~676~234~1600
<a target='_blank' href='http://freetamilebooks.com/ebooks/gods-of-kongu-land/'>கொங்கு மண்ணின் சாமிகள் &#8211; இரா.முத்துசாமி</a>~332~132~506~163~1133
<a target='_blank' href='http://freetamilebooks.com/ebooks/take-first-steps-for-open-source-software/'>திறந்த மூல மென்பொருளில் முதல் அடி எடுத்து வைக்கலாம் வாங்க! &#8211; இரா. அசோகன்</a>~250~77~483~120~930
<a target='_blank' href='http://freetamilebooks.com/ebooks/nedunalvadai-explanation/'>நெடுநல்வாடை &#8211; நக்கீரர் &#8211; விளக்கம் &#8211; செங்கைப் பொதுவன்</a>~293~99~411~143~946
<a target='_blank' href='http://freetamilebooks.com/ebooks/screenplays-of-shortfilms/'>குறும்படத் திரைக்கதைகள் &#8211;  முனைவர் த. டான் ஸ்டோனி</a>~285~93~541~126~1045
<a target='_blank' href='http://freetamilebooks.com/ebooks/sikki-mukki-karkal/'>சிக்கிமுக்கிக் கற்கள் &#8211; சிறுகதைத் தொகுப்பு &#8211;  சு. சமுத்திரம்</a>~414~166~583~221~1384
<a target='_blank' href='http://freetamilebooks.com/ebooks/pallava-kings/'>பல்லவப் பேரரசர்  &#8211; மா.இராசமாணிக்கனார்</a>~535~131~607~199~1472
<a target='_blank' href='http://freetamilebooks.com/ebooks/omar_khayyam/'>உமார் கயாம் &#8211; நாரா. நாச்சியப்பன்</a>~477~143~702~233~1555
<a target='_blank' href='http://freetamilebooks.com/ebooks/dhadikarano-ayyo/'>தாடிக்காரனா? ஐயோ! (மர்ம நாவல்) &#8211; நிர்மலா ராகவன்</a>~569~161~612~169~1511
<a target='_blank' href='http://freetamilebooks.com/ebooks/guide-to-suga-prasavam/'>சுக பிரசவ சுலப வழிகாட்டி</a>~530~146~760~213~1649
<a target='_blank' href='http://freetamilebooks.com/ebooks/mullai-pattu/'>முல்லைப்பாட்டு &#8211; செங்கைப் பொதுவன் விளக்கம்</a>~137~54~271~101~563
<a target='_blank' href='http://freetamilebooks.com/ebooks/kanavu-paravai-short-poems/'>கனவுப்பறவை (குறுங்கவிதைகள்) &#8211; ப.மதியழகன்</a>~220~74~271~187~752
<a target='_blank' href='http://freetamilebooks.com/ebooks/3-paal/'>மூன்றாம் பால் முத்துக்கள் &#8211; கி.நடராஜன்</a>~332~96~395~139~962
<a target='_blank' href='http://freetamilebooks.com/ebooks/easy-ways-to-reduce-belly/'>தொந்தியைக் குறைக்க சுலபமான வழிகள்</a>~793~181~1100~291~2365
<a target='_blank' href='http://freetamilebooks.com/ebooks/entering-the-kingdom/'>சுவர்கத்தின் நுழைவாயில் &#8211; ஜேம்ஸ் ஆலன் -தமிழில்: சே.அருணாசலம்</a>~635~158~789~263~1845
<a target='_blank' href='http://freetamilebooks.com/ebooks/alibaba/'>அலிபாபா &#8211; ப. ராமஸ்வாமி</a>~1033~252~1096~357~2738
<a target='_blank' href='http://freetamilebooks.com/ebooks/kurinji-pattu/'>குறிஞ்சிப்பாட்டு &#8211; கபிலர் &#8211; விளக்கம் &#8211; செங்கைப் பொதுவன்</a>~587~224~812~240~1863
<a target='_blank' href='http://freetamilebooks.com/ebooks/kadhal-siragu-poems/'>காதல் சிறகு &#8211; குறுங்கவிதைகள் &#8211; ப.மதியழகன்</a>~553~172~596~196~1517
<a target='_blank' href='http://freetamilebooks.com/ebooks/seevaga-sinthamani-text/'>சீவக சிந்தாமணி (உரைநடை) &#8211;  டாக்டர் ரா. சீனிவாசன்</a>~1007~271~1180~338~2796
<a target='_blank' href='http://freetamilebooks.com/ebooks/covai-2-america/'>கோவை 2 அமெரிக்கா &#8211; பாசு</a>~649~151~652~199~1651
<a target='_blank' href='http://freetamilebooks.com/ebooks/pirpagal-vilaiyum-novel/'>பிற்பகல் விளையும் &#8211; குறு நாவல் &#8211; பூபதி கோவை</a>~493~123~549~160~1325
<a target='_blank' href='http://freetamilebooks.com/ebooks/kirukku-thuligal-poems/'>கிறுக்குத் துளிகள் &#8211; கவிதைகள் &#8211; பாம்பன் மு. பிரசாந்த்</a>~378~115~628~161~1282
<a target='_blank' href='http://freetamilebooks.com/ebooks/ezhuthukolin-oviyam/'>எழுதுகோலின் ஓவியம் தமிழ் எழுத்துக்களாய்…! &#8211; கவிதைகள் &#8211; நவீன் ராஜ் தங்கவேல்</a>~228~71~364~146~809
<a target='_blank' href='http://freetamilebooks.com/ebooks/gangai-konda-cholapuram/'>வரலாற்றுப் பக்கங்களில் மட்டுமே மணக்கும் கங்கைகொண்டசோழபுரம் &#8211; அ.இராஜராஜசோழன்</a>~1598~400~1702~562~4262
<a target='_blank' href='http://freetamilebooks.com/ebooks/ahobila-yathra/'>நாடி நாடி நரசிங்கர் தரிசனம் &#8211; அஹோபில யாத்திரை &#8211; கைலாஷி</a>~412~155~703~233~1503
<a target='_blank' href='http://freetamilebooks.com/ebooks/maathevan-malarththogai/'>மாதேவன் மலர்த்தொகை &#8211; சிவபெருமான் மீது நூறு பாக்கள் &#8211; என். சொக்கன்</a>~273~105~486~150~1014
<a target='_blank' href='http://freetamilebooks.com/ebooks/otran-short-novel/'>ஒற்றன் &#8211; குறு நாவல் &#8211; கோவை பூபதி</a>~700~179~721~277~1877
<a target='_blank' href='http://freetamilebooks.com/ebooks/pulligal-niraindha-vaanam-poems/'>புள்ளிகள் நிறைந்த வானம் &#8211; கவிதைகள் &#8211; ப. மதியழகன்</a>~286~61~314~158~819
<a target='_blank' href='http://freetamilebooks.com/ebooks/iyarkai-samugam-vazhkai/'>இயற்கை சமூகம் வாழ்க்கை &#8211; தாம்பரம் மக்கள் குழு</a>~584~206~999~322~2111
<a target='_blank' href='http://freetamilebooks.com/ebooks/marinavin-barathi/'>மெரினாவின்  பாரதி &#8211; கவிதைகள் &#8211; இரா. ஜெகதீஷ்</a>~399~114~492~194~1199
<a target='_blank' href='http://freetamilebooks.com/ebooks/enathu-vallamaiyalargal/'>எனது வல்லமையாளர்கள் &#8211; தேமொழி</a>~392~130~667~173~1362
<a target='_blank' href='http://freetamilebooks.com/ebooks/santhikku-markam/'>சாந்திக்கு மார்க்கம் &#8211; வ.உ. சிதம்பரம் பிள்ளை</a>~335~142~512~185~1174
<a target='_blank' href='http://freetamilebooks.com/ebooks/unari-divya/'>உணரி &#8211; குறுநாவல் &#8211; ர.திவ்யா ஹரிஹரன்</a>~594~158~716~238~1706
<a target='_blank' href='http://freetamilebooks.com/ebooks/valimaikku-markam-voc/'>வலிமைக்கு மார்க்கம் &#8211; ஜேம்ஸ் ஆலன் &#8211; வ.உ.சி</a>~677~218~993~298~2186
<a target='_blank' href='http://freetamilebooks.com/ebooks/paarkadal-lasara/'>பாற்கடல் &#8211; இளமை நினைவுகள் &#8211; லா.ச.ராமாமிருதம்</a>~663~327~920~321~2231
<a target='_blank' href='http://freetamilebooks.com/ebooks/eera-suvadugal/'>ஈரச் சுவடுகள்  &#8211; பூம்புகார்_ மகாபலிபுரம் &#8211; பிரவீண் குமார்</a>~562~154~921~319~1956
<a target='_blank' href='http://freetamilebooks.com/ebooks/mukthinath-yatra/'>முக்தியளிக்கும் முக்திநாத் யாத்திரை &#8211; கைலாஷி</a>~478~160~843~242~1723
<a target='_blank' href='http://freetamilebooks.com/ebooks/sila-ragasiya-kurippugal/'>சில ரகசியக் குறிப்புகள் &#8211; ஜோதிஜி திருப்பூர்</a>~683~185~1091~270~2229
<a target='_blank' href='http://freetamilebooks.com/ebooks/kovai2delhi/'>கோவை2தில்லி &#8211; அனுபவக் கட்டுரைகள் &#8211; ஆதி வெங்கட்</a>~411~250~693~226~1580
<a target='_blank' href='http://freetamilebooks.com/ebooks/valari-magazine-aadi-2017/'>வளரி ஆடி 2017 &#8211; மின்னிதழ் &#8211; அருணா சுந்தரராசன்</a>~312~131~488~219~1150
<a target='_blank' href='http://freetamilebooks.com/ebooks/vidhaippom-aruppom/'>விதைப்போம் அறுப்போம் &#8211; திருத்துறைப்பூண்டி ச.கரிகாலன்</a>~585~199~915~327~2026
<a target='_blank' href='http://freetamilebooks.com/ebooks/poraligalin-sinthanigal/'>போராளிகளின் சிந்தனைகள் &#8211; ஆர்.பட்டாபிராமன்</a>~1039~311~1361~500~3211
<a target='_blank' href='http://freetamilebooks.com/ebooks/ini-illai-tholvi/'>இனி இல்லை தோல்வி! &#8211; கட்டுரைகள் &#8211; நிர்மலா ராகவன்</a>~1104~329~1582~519~3534
<a target='_blank' href='http://freetamilebooks.com/ebooks/kodi-asaindhathum-kaatru-vandhathaa/'>கொடி அசைந்ததும் காற்று வந்ததா? &#8211; கட்டுரைகள் &#8211; புதுகைத் தென்றல்</a>~348~112~520~186~1166
<a target='_blank' href='http://freetamilebooks.com/ebooks/know-astronomy/'>விண்வெளியைத் தெரிந்து கொள்வோம் &#8211; இரா.பாலா</a>~1835~369~1870~1163~5237
<a target='_blank' href='http://freetamilebooks.com/ebooks/uyirudan-poems/'>உயிருடன்&#8230; கவிதைகள் &#8211; இரா.சுப்ரமணி</a>~453~150~610~263~1476
<a target='_blank' href='http://freetamilebooks.com/ebooks/neengalum-jeyikkalam/'>நீங்களும் ஜெயிக்கலாம் &#8211; ரமணன்</a>~3135~319~1948~648~6050
<a target='_blank' href='http://freetamilebooks.com/ebooks/saapida-vaanga/'>சாப்பிட வாங்க &#8211; வெங்கட் நாகராஜ்</a>~1384~230~2021~477~4112
<a target='_blank' href='http://freetamilebooks.com/ebooks/tamiz-magazine-issue-04/'>தமிழ் &#8211; மின்னிதழ் &#8211; 4 &#8211; சி. சரவணகார்த்திகேயன்</a>~993~212~963~290~2458
<a target='_blank' href='http://freetamilebooks.com/ebooks/let-us-detect/'>துப்பறியலாம். வாங்க! &#8211; ராம்குமார்</a>~2785~416~2248~1562~7011
<a target='_blank' href='http://freetamilebooks.com/ebooks/sandaiye-varliye-short-stories/'>சண்டையே வரலியே &#8211; சிறுகதைகள் &#8211; நிர்மலா ராகவன்</a>~1437~266~977~345~3025
<a target='_blank' href='http://freetamilebooks.com/ebooks/abalaigal-poems-stories/'>அபலைகள் &#8211; கவிதைகள் &#8211; கதைகள் &#8211; நடராஜன்  கல்பட்டு</a>~661~159~689~174~1683
<a target='_blank' href='http://freetamilebooks.com/ebooks/ten-computer-stories-part-1/'>கணினிக்கதைகள் 10 &#8211;  தொகுதி  &#8211;  1 &#8211; பணியா. பிரசன்னா</a>~624~163~1107~263~2157
<a target='_blank' href='http://freetamilebooks.com/ebooks/unnai-karam-pidithen-novel/'>உன்னைக் கரம்  பிடித்தேன்  &#8211; நாவல் &#8211; உஷாதீபன்</a>~1279~249~922~347~2797
<a target='_blank' href='http://freetamilebooks.com/ebooks/unnai-nee-arinthal//'>உன்னை நீ அறிவாய்! &#8211; உளவியல் கட்டுரைகள் &#8211; நிர்மலா ராகவன்</a>~3570~514~2307~1026~7417
<a target='_blank' href='http://freetamilebooks.com/ebooks/anbulla-manimozhikku-letters/'>அன்புள்ள மணிமொழிக்கு &#8211; கடிதங்கள் &#8211; தேமொழி</a>~583~129~495~190~1397
<a target='_blank' href='http://freetamilebooks.com/ebooks/anicha-malargal-short-stories/'>அனிச்ச மலர்கள் &#8211; சிறுகதைகள் &#8211; தேமொழி</a>~887~195~788~278~2148
<a target='_blank' href='http://freetamilebooks.com/ebooks/vazhu-vazhavidu-short-stories/'>வாழு வாழவிடு &#8211; சிறுகதைகள் &#8211; பொன் குலேந்திரன்</a>~1107~229~1055~372~2763
<a target='_blank' href='http://freetamilebooks.com/ebooks/arul-pozhiyum-nizhal-pathaigal/'>அருள் பொழியும் நிழல் பாதைகள் &#8211; ஜேம்ஸ் ஆலன் &#8211; தமிழில் சே.அருணாசலம்</a>~1130~233~1090~504~2957
<a target='_blank' href='http://freetamilebooks.com/ebooks/learn-agine-scrum-in-tamil/'>எளிய தமிழில் Agile/Scrum &#8211; மென்பொருள் திட்ட மேலாண்மை &#8211; இரா. அசோகன்</a>~1102~259~1417~384~3162
<a target='_blank' href='http://freetamilebooks.com/ebooks/mul-velikku-pinnal-novel/'>﻿முள்வேலிக்குப் பின்னால்  &#8211; குறு நாவல் &#8211; பொன் குலேந்திரன்</a>~913~178~753~347~2191
<a target='_blank' href='http://freetamilebooks.com/ebooks/athe-nila-novel/'>அதே நிலா &#8211; சமூக நாவல் &#8211; நிர்மலா ராகவன்</a>~1027~234~1519~348~3128
<a target='_blank' href='http://freetamilebooks.com/ebooks/curiosity-science-articles/'>கியூரியாசிட்டி &#8211; அறிவியல் கட்டுரைகள் &#8211; பிரவீண் குமார்</a>~2460~447~2093~777~5777
<a target='_blank' href='http://freetamilebooks.com/ebooks/poothathum-parithathum/'>பூத்ததும் பறித்ததும் &#8211; கவிதை தொகுப்பு &#8211; கொ.வை.அரங்கநாதன்</a>~1754~280~970~422~3426
<a target='_blank' href='http://freetamilebooks.com/ebooks/muneru-munetru-biography-ncmohandos/'>முன்னேறு!முன்னேற்று!! &#8211; தனலட்சுமி சீனிவாசன் வாழ்க்கை வரலாறு &#8211; என் சி  மோகன்தாஸ்</a>~2066~444~1640~666~4816
<a target='_blank' href='http://freetamilebooks.com/ebooks/rajarajan-and-scientise-rajamani/'>ராஜராஜ சோழனும் விஞ்ஞானி ராஜாமணியும் &#8211; யோகி</a>~5323~702~3284~1188~10497
<a target='_blank' href='http://freetamilebooks.com/ebooks/kaalam-scientific-fiction-short-stories/'>காலம்  &#8211; அறிவியல் சிறுகதைகள் &#8211; பொன் குலேந்திரன்</a>~5490~536~3812~880~10718
<a target='_blank' href='http://freetamilebooks.com/ebooks/nee-kadavula-novel/'>நீ கடவுளா ? &#8211; நாவல் &#8211; வே. கடல் அமுதம்</a>~1943~334~1393~591~4261
<a target='_blank' href='http://freetamilebooks.com/ebooks/mannillai-pen-short-stories/'>மண்ணில்லை பெண் &#8211; சிறுகதைகள் &#8211; நிர்மலா ராகவன்</a>~1628~282~1077~413~3400
<a target='_blank' href='http://freetamilebooks.com/ebooks/tamil-ebooks-on-internet/'>இணையத்தில் தமிழ் மின்னூல்கள் &#8211; க.பிரகாஷ்</a>~2280~286~1564~566~4696
<a target='_blank' href='http://freetamilebooks.com/ebooks/vaanathai-thottavan/'>வானத்தை தொட்டவன் &#8211; சிறுகதைகள் &#8211; என்.சி.மோகன்தாஸ்</a>~2424~355~2938~505~6222
<a target='_blank' href='http://freetamilebooks.com/ebooks/aan-thunai-short-storeis/'>ஆண் துணை (சிறுகதைத்தொகுப்பு)</a>~2220~312~1377~471~4380
<a target='_blank' href='http://freetamilebooks.com/ebooks/thavazum-paruvam-novel/'>தவழும் பருவம் &#8211; நாவல் &#8211; என்.சி.மோகன்தாஸ்</a>~1166~219~2307~365~4057
<a target='_blank' href='http://freetamilebooks.com/ebooks/industrial-scientiest-gd-naidu/'>தொழிலியல் விஞ்ஞானி ஜி. டி. நாயுடு &#8211; என்.வி. கலைமணி</a>~1977~461~2374~791~5603
<a target='_blank' href='http://freetamilebooks.com/ebooks/mixed-articles-prakash/'>பல்நோக்குக் கட்டுரைக் களஞ்சியம் &#8211; க.பிரகாஷ்</a>~4465~175~949~323~5912
<a target='_blank' href='http://freetamilebooks.com/ebooks/rare-plants-at-servarayan-hills/'>அரிய இயல் தாவரங்கள் (சேர்வராயன் மலை)  &#8211; ஏற்காடு இளங்கோ</a>~3891~354~2359~686~7290
<a target='_blank' href='http://freetamilebooks.com/ebooks/thannambikkai-thamizhargal/'>தன்னம்பிக்கை தமிழர்கள் &#8211; என்.சி.மோகன்தாஸ்</a>~3873~335~2036~669~6913
<a target='_blank' href='http://freetamilebooks.com/ebooks/kadhalenpathu/'>காதலென்பது &#8211; கா.பாலபாரதி</a>~2897~340~1595~1585~6417
<a target='_blank' href='http://freetamilebooks.com/ebooks/pazhaiya-kuppaigal/'>பழைய குப்பைகள் &#8211; ஜோதிஜி. திருப்பூர்</a>~2246~253~1517~514~4530
<a target='_blank' href='http://freetamilebooks.com/ebooks/thiruvembavai/'>திருவெம்பாவை (உரையுடன்) &#8211; பார்வதி இராமச்சந்திரன்</a>~2610~403~2141~629~5783
<a target='_blank' href='http://freetamilebooks.com/ebooks/perumal-murugan-books-critics/'>பெருமாள்முருகன் நாவல்களில்  தலித் சிறார்களின் காட்சிப் படிமங்கள் &#8211; கி.செந்தில்குமரன்</a>~1686~287~1435~422~3830
<a target='_blank' href='http://freetamilebooks.com/ebooks/vizha-eduthu-paar/'>விழா எடுத்துப்பார்</a>~1508~194~1195~324~3221
<a target='_blank' href='http://freetamilebooks.com/ebooks/avvapothu/'>அவ்வப்போது &#8211; கட்டுரைகள் &#8211; நூருத்தீன்</a>~1287~177~953~298~2715
<a target='_blank' href='http://freetamilebooks.com/ebooks/dev-bhoomi-himachal/'>தேவ் பூமி – ஹிமாச்சல் பயணக்கட்டுரைகள் &#8211; வெங்கட் நாகராஜ்</a>~1664~323~1636~512~4135
<a target='_blank' href='http://freetamilebooks.com/ebooks/learn-wordpress-in-tamil/'>எளிய தமிழில் WordPress &#8211; தமிழ்</a>~2467~340~2605~621~6033
<a target='_blank' href='http://freetamilebooks.com/ebooks/learn-selenium-in-tamil/'>எளிய தமிழில் Selenium &#8211; து.நித்யா</a>~1280~258~1934~698~4170
<a target='_blank' href='http://freetamilebooks.com/ebooks/dharmapuri-regional-medicines/'>தருமபுரி வட்டார நாட்டுப்புற மருத்துவம் &#8211; க.பிரகாஷ்</a>~3126~385~2569~763~6843
<a target='_blank' href='http://freetamilebooks.com/ebooks/thirumandiram-first-thanthiram/'>திருமந்திரம்  &#8211; பாயிரமும் முதல் தந்திரமும் &#8211; விளக்க உரையுடன்  &#8211; ரய்</a>~4512~894~4859~1364~11629
<a target='_blank' href='http://freetamilebooks.com/ebooks/thanthai-periyar/'>தந்தை பெரியார் &#8211; அமரர் கே. பி. நீலமணி</a>~2856~603~2556~1171~7186
<a target='_blank' href='http://freetamilebooks.com/ebooks/thirupponnoosal/'>மாணிக்கவாசகப் பெருமான் அருளிய &#8216;திருப்பொன்னூசல்&#8217;—பொருளுரை</a>~1987~354~1910~529~4780
<a target='_blank' href='http://freetamilebooks.com/ebooks/mappillaikku-karaboonthi-pidikkum-poems/'>மாப்பிள்ளைக்குக் காராபூந்தி பிடிக்கும் (கவிதைகள்)</a>~1577~309~1286~390~3562
<a target='_blank' href='http://freetamilebooks.com/ebooks/kadhalisai-poems/'>காதலிசை  &#8211; கவிதைகள் &#8211; ராகவேந்திரன் பாலகிருஷ்ணன்</a>~1631~331~1438~494~3894
<a target='_blank' href='http://freetamilebooks.com/ebooks/moondram-kan-science-articles/'>மூன்றாம் கண் &#8211; அறிவியல் கட்டுரைகள் &#8211; ஏற்காடு இளங்கோ</a>~6599~617~4635~1141~12992
<a target='_blank' href='http://freetamilebooks.com/ebooks/neram-sariyaga/'>நேரம் சரியாக &#8211; துல்லிய நேர அளவீடு &#8211; ரவி நடராஜன்</a>~2619~352~2040~660~5671
<a target='_blank' href='http://freetamilebooks.com/ebooks/20-heritage-stories/'>20 மரபுக் கதைகள் &#8211; பொன் குலேந்திரன்</a>~4009~647~2599~902~8157
<a target='_blank' href='http://freetamilebooks.com/ebooks/enakke-enakkai/'>எனக்கே எனக்காய் &#8211; நாவல் &#8211; என்.சி.மோகன்தாஸ்</a>~3183~438~2435~647~6703
<a target='_blank' href='http://freetamilebooks.com/ebooks/learn-css-in-tamil/'>எளிய தமிழில் CSS – து.நித்யா</a>~3449~362~2665~710~7186
<a target='_blank' href='http://freetamilebooks.com/ebooks/sindhithal-sirippu-varum/'>சிந்தித்தால் சிரிப்பு வரும் (அல்லது) அலுவலர்களின் அட்டகாசம் &#8211; கட்டுரைகள் &#8211; பி.எஸ்.பசுபதிலிங்கம்</a>~6920~943~4266~1357~13486
<a target='_blank' href='http://freetamilebooks.com/ebooks/mazhaiyil-kulitha-veyil/'>மழையில் குளித்த வெயில் &#8211; கவிதைகள் &#8211; விக்கி</a>~2073~324~1262~463~4122
<a target='_blank' href='http://freetamilebooks.com/ebooks/alaiyum-manamum-vathiyum-pulamum/'>அலையும் மனமும் வதியும் புலமும் &#8211; கதைகள் &#8211; சந்திரவதனா</a>~2921~427~2135~667~6150
<a target='_blank' href='http://freetamilebooks.com/ebooks/vadathirumullaivayil-kodiyidai-nayagi-alayam/'>வடதிருமுல்லைவாயில் கொடியிடை நாயகி ஆலயம்</a>~2114~618~2862~793~6387
<a target='_blank' href='http://freetamilebooks.com/ebooks/abdul-kalam-poems-quotes/'>அப்துல் கலாமின் கவிதைகளும்_ மேற்கோள்களும் &#8211; ஏற்காடு இளங்கோ</a>~7135~754~3796~1260~12945
<a target='_blank' href='http://freetamilebooks.com/ebooks/helen-keller/'>பார்வையற்ற முதல் பட்டதாரி பெண் ஹெலன் கெல்லர் &#8211; ஏற்காடு இளங்கோ</a>~2786~395~2798~775~6754
<a target='_blank' href='http://freetamilebooks.com/ebooks/thozhilariillathavalarchiya/'>தொழிலாளர் இல்லாத வளர்ச்சியா?</a>~1468~242~1318~403~3431
<a target='_blank' href='http://freetamilebooks.com/ebooks/veriyumvanam/'>விரியும் வனம்</a>~1378~194~928~323~2823
<a target='_blank' href='http://freetamilebooks.com/ebooks/salanakeeridam/'>சலனக்கிரீடம்</a>~1354~189~772~263~2578
<a target='_blank' href='http://freetamilebooks.com/ebooks/kolusumarch2016/'>கொலுசு – மார்ச் &#8211; 2016</a>~1116~164~787~260~2327
<a target='_blank' href='http://freetamilebooks.com/ebooks/nalayapenkalsuyamavala/'>நாளைய பெண்கள் சுயமாக வாழ</a>~1986~226~1148~464~3824
<a target='_blank' href='http://freetamilebooks.com/ebooks/sarojapatikadaikal/'>சரோஜா பாட்டி கதைகள்</a>~9004~532~2403~717~12656
<a target='_blank' href='http://freetamilebooks.com/ebooks/salaivalaivil/'>சாலை வளைவில்</a>~2260~287~1693~471~4711
<a target='_blank' href='http://freetamilebooks.com/ebooks/innaiyamanidhan1/'>இணைய மனிதன் 1.0 காதல் முதல் கணினி வரை</a>~2382~273~1990~482~5127
<a target='_blank' href='http://freetamilebooks.com/ebooks/parvai21shortstories/'>பார்வை &#8211; பொன் குலேந்திரன்</a>~2147~337~1604~433~4521
<a target='_blank' href='http://freetamilebooks.com/ebooks/manaosai-short-stories/'>மனஓசை &#8211; சிறுகதைகள் &#8211; சந்திரவதனா</a>~3698~361~1662~558~6279
<a target='_blank' href='http://freetamilebooks.com/ebooks/learn-php-in-tamil/'>எளிய தமிழில் PHP &#8211; இரா.கதிர்வேல்</a>~5047~1180~6246~1649~14122
<a target='_blank' href='http://freetamilebooks.com/ebooks/ullathilirunde-vazhvu/'>உள்ளத்திலிருந்தே வாழ்வு &#8211; ஜேம்ஸ் ஆலன் &#8211; சே.அருணாசலம்</a>~3783~448~2496~843~7570
<a target='_blank' href='http://freetamilebooks.com/ebooks/mathya-pradesam-azaikkirathu/'>மத்தியப் பிரதேசம் அழைக்கிறது &#8211; வெங்கட் நாகராஜ்</a>~2118~259~1550~432~4359
<a target='_blank' href='http://freetamilebooks.com/ebooks/solaivanam-poems/'>சோலை வனம் – கவிதைகள் &#8211; இரா. பாரதி</a>~1729~276~1289~423~3717
<a target='_blank' href='http://freetamilebooks.com/ebooks/learn-ruby-in-tamil/'>எளிய இனிய கணினி மொழி – ரூபி &#8211; பிரியா சுந்தரமூர்த்தி</a>~2116~263~1995~479~4853
<a target='_blank' href='http://freetamilebooks.com/ebooks/selva-kalanjiyame/'>செல்வக் களஞ்சியமே &#8211; குழந்தை வளர்ப்பு அனுபவத் தொடர் &#8211; ரஞ்சனி நாராயணன்</a>~2286~321~1944~618~5169
<a target='_blank' href='http://freetamilebooks.com/ebooks/theeppandham-short-poems/'>தீப்பந்தம் &#8211; குறுங்கவிதைகள் &#8211; கா.பாலபாரதி</a>~1558~248~1178~502~3486
<a target='_blank' href='http://freetamilebooks.com/ebooks/vetri-chakkaram-short-stories/'>வெற்றிச் சக்கரம் &#8211; சிறுகதைகள் &#8211; தமிழ்த்தேனீ</a>~3304~444~2204~831~6783
<a target='_blank' href='http://freetamilebooks.com/ebooks/naan-penthaan/'>நான் பெண்தான் (மலேசிய சிறுகதைகள்) &#8211; நிர்மலா ராகவன்</a>~2285~372~1655~495~4807
<a target='_blank' href='http://freetamilebooks.com/ebooks/chidambara-ragisiyam/'>சிதம்பர ரகசியம் &#8211; கீதா சாம்பசிவம்</a>~10385~1174~6196~1933~19688
<a target='_blank' href='http://freetamilebooks.com/ebooks/thundugol-short-stories/'>தூண்டுகோல் – சிறுகதைகள் &#8211; இரா.பாரதி</a>~3290~349~2391~544~6574
<a target='_blank' href='http://freetamilebooks.com/ebooks/edhovum-edhavadhum-poems/'>ஏதோவும் ஏதாவதும் &#8211; கவிதைகள் &#8211; நேதாஜிதாசன்</a>~1672~193~784~290~2939
<a target='_blank' href='http://freetamilebooks.com/ebooks/thirupuvanapuranam/'>திருப்பூவணப் புராணம் &#8211; மு​னைவர். கி. காளைராசன்</a>~2137~368~2226~561~5292
<a target='_blank' href='http://freetamilebooks.com/ebooks/vignana-mutti-mothal/'>விஞ்ஞான முட்டி மோதல் &#8211; ரவி நடராஜன்</a>~3842~382~2946~900~8070
<a target='_blank' href='http://freetamilebooks.com/ebooks/laments-of-dead-letters/'>மரணமடைந்த எழுத்துக்களின் புலம்பல் &#8211; நேதாஜிதாசன்</a>~1874~231~1232~418~3755
<a target='_blank' href='http://freetamilebooks.com/ebooks/man-king-of-mindbody-and-circumstance-tamil/'>மனிதன்: மனம்_ உடல்_ சூழ்நிலையின் தலைவன் &#8211; ஜேம்ஸ் ஆலன் &#8211; சே.அருணாசலம்</a>~7978~733~4850~1495~15056
<a target='_blank' href='http://freetamilebooks.com/ebooks/kurumbu-kavithaigal/'>குறும்புக் கவிதைகள் &#8211; தமிழ்த்தேனீ</a>~2991~350~1420~476~5237
<a target='_blank' href='http://freetamilebooks.com/ebooks/first-book/'>முதல் புத்தகம் &#8211; தமிழ்</a>~2043~284~1521~956~4804
<a target='_blank' href='http://freetamilebooks.com/ebooks/%e0%ae%a4%e0%af%86%e0%ae%af%e0%af%8d%e0%ae%b5%e0%af%80%e0%ae%95-%e0%ae%9a%e0%ae%bf%e0%ae%a8%e0%af%8d%e0%ae%a4%e0%ae%a9%e0%af%88%e0%ae%95%e0%ae%b3%e0%af%8d/'>தெய்வீக சிந்தனைகள்</a>~29353~2079~12279~6142~49853
<a target='_blank' href='http://freetamilebooks.com/ebooks/photography-expereinces/'>புகைப்பட அனுபவங்கள் &#8211; கல்பட்டு நடராஜன்</a>~4605~559~13530~4176~22870
<a target='_blank' href='http://freetamilebooks.com/ebooks/konjam-kasu-konjam-kalvi/'>கொஞ்சம் காசு கொஞ்சம் கல்வி &#8211; ஜோதிஜி திருப்பூர்</a>~3941~816~15574~8993~29324
<a target='_blank' href='http://freetamilebooks.com/ebooks/padikkalaam-vaanga/'>படிக்கலாம் வாங்க &#8211; புத்தக விமரிசனங்கள் &#8211; அரவிந்த்</a>~6032~425~9559~6458~22474
<a target='_blank' href='http://freetamilebooks.com/ebooks/pethavanga-kavithaigal/'>பெத்தவங்க &#8211; கவிதைகள் &#8211; சடையன் பெயரன்</a>~3080~311~4542~3181~11114
<a target='_blank' href='http://freetamilebooks.com/ebooks/osho-stories/'>ஓஷோ விழிப்புணர்வுக் கதைகள் &#8211; ஓஷோ சித்</a>~79519~20231~55131~39680~194561
<a target='_blank' href='http://freetamilebooks.com/ebooks/tamil-magazine-3/'>தமிழ் : சுதந்திரம் &#8211; 2015 இதழ்</a>~26131~303~3127~8090~37651
<a target='_blank' href='http://freetamilebooks.com/ebooks/pilliyar/'>பிள்ளையார்_ பிள்ளையார்_ பெருமை வாய்ந்த பிள்ளையார்! &#8211; கீதா சாம்பசிவம்</a>~7646~661~16609~5478~30394
<a target='_blank' href='http://freetamilebooks.com/ebooks/luck/'>அதிர்ஷ்டம் உன் காயங்களை ஆற்றும் &#8211; பேயோன்</a>~2116~299~2721~4274~9410
<a target='_blank' href='http://freetamilebooks.com/ebooks/foundation-stones-to-happiness-and-success-james-allen/'>மகிழ்ச்சிக்கும் வெற்றிக்குமான அடித்தளம் &#8211; ஜேம்ஸ் ஆலன் &#8211; சே.அருணாசலம்</a>~13262~1342~13599~5968~34171
<a target='_blank' href='http://freetamilebooks.com/ebooks/meendum-sandhippoma/'>மீண்டும் சந்திப்போமா&#8230; கவிதைகள் &#8211; சடையன் பெயரன்</a>~1660~334~3614~1179~6787
<a target='_blank' href='http://freetamilebooks.com/ebooks/lake-city-nainital/'>ஏரிகள் நகரம் &#8211; நைனிதால் &#8211; வெங்கட் நாகராஜ்</a>~4177~364~8111~650~13302
<a target='_blank' href='http://freetamilebooks.com/ebooks/somememories/'>சில நினைவுகள் &#8211; காமாட்சி மஹாலிங்கம்</a>~2918~242~6956~1418~11534
<a target='_blank' href='http://freetamilebooks.com/ebooks/javvarasi-vadam/'>ஜவ்வரிசி வடாம்_ உள் பனியன் மற்றும் ஒரு ரேடியோ விளம்பரம் &#8211; கட்டுரைகள்</a>~1376~224~1646~4603~7849
<a target='_blank' href='http://freetamilebooks.com/ebooks/from20totoday/'>இருபதிலிருந்து இன்று வரை &#8211; கவிதைகள்</a>~4014~0~2823~1942~8779
<a target='_blank' href='http://freetamilebooks.com/ebooks/missingfriends/'>காணாமல் போன நண்பர்கள் &#8211; தருமி</a>~8101~1282~3452~1683~14518
<a target='_blank' href='http://freetamilebooks.com/ebooks/kaviyaubathalaivan/'>காவிய உபதலைவன் &#8211; என். சொக்கன்</a>~1661~276~704~261~2902
<a target='_blank' href='http://freetamilebooks.com/ebooks/maanavamaharaja/'>மாணவ மஹாராஜா &#8211; என். சொக்கன்</a>~1511~282~1081~466~3340
<a target='_blank' href='http://freetamilebooks.com/ebooks/vagupparai-saralgal/'>வகுப்பறைச் சாரல்கள் &#8211; கவிதைகள் &#8211; நவீன் ராஜ் தங்கவேல்</a>~2265~298~4578~4251~11392
<a target='_blank' href='http://freetamilebooks.com/ebooks/perubaalumkurungkavithai/'>பெரும்பாலும் குறுங்கவிதைகள் &#8211; பேயோன்</a>~1735~244~1153~333~3465
<a target='_blank' href='http://freetamilebooks.com/ebooks/thodarbu-ellaikku-veliye/'>தொடர்பு எல்லைக்கு வெளியே &#8211; சிறுகதைகள் &#8211; சித்ரன் ரகுநாத்</a>~2286~362~1976~1747~6371
<a target='_blank' href='http://freetamilebooks.com/ebooks/mooligai-valam/'>மூலிகை வளம்</a>~55493~8433~37176~26660~127762
<a target='_blank' href='http://freetamilebooks.com/ebooks/html-in-tamil/'>எளிய தமிழில் HTML</a>~8545~2783~10167~3367~24862
<a target='_blank' href='http://freetamilebooks.com/ebooks/kalkilo-kadhal-araikilo-kanavu/'>கால் கிலோ காதல் அரை கிலோ கனவு &#8211; நாவல்</a>~4971~1073~8370~6197~20611
<a target='_blank' href='http://freetamilebooks.com/ebooks/vizhiyil-vali-thanthavane/'>விழியில் வலி தந்தவனே &#8211; நாவல்</a>~3274~1303~13797~2052~20426
<a target='_blank' href='http://freetamilebooks.com/ebooks/learn-mysql-in-tamil-part-2/'>எளிய தமிழில் MySQL – பாகம் 2</a>~7477~320~4216~1703~13716
<a target='_blank' href='http://freetamilebooks.com/ebooks/cheei/'>ச்சீய்…</a>~11494~3568~29077~11846~55985
<a target='_blank' href='http://freetamilebooks.com/ebooks/history-in-pictures/'>சரித்திரம் காட்டும் புகைப்படங்கள்</a>~14725~1526~17213~5194~38658
<a target='_blank' href='http://freetamilebooks.com/ebooks/indianscience/'>இணையில்லா இந்திய அறிவியல்</a>~16612~1404~12285~1929~32230
<a target='_blank' href='http://freetamilebooks.com/ebooks/thandora-stories/'>தண்டோரா கதைகள் &#8211; சிறுகதைகள்</a>~10773~5993~5925~2233~24924
<a target='_blank' href='http://freetamilebooks.com/ebooks/neethiyaithedi/'>நீதியைத் தேடி</a>~2193~1931~3445~1416~8985
<a target='_blank' href='http://freetamilebooks.com/ebooks/oru-vasagam/'>ஒரு வாசகம் &#8211; திருமுறைக் கட்டுரைகள்</a>~1673~418~5062~1012~8165
<a target='_blank' href='http://freetamilebooks.com/ebooks/sinthanai-pugar/'>சிந்தனைப் புகார் &#8211; கட்டுரைகள்</a>~2112~493~6051~642~9298
<a target='_blank' href='http://freetamilebooks.com/ebooks/padithupalagu/'>படித்து பழகு &#8211; சிறுவர் நூல்</a>~4019~308~18771~598~23696
<a target='_blank' href='http://freetamilebooks.com/ebooks/snow-man-otzi/'>பனிமனிதன் ஓட்சி</a>~4268~372~6918~841~12399
<a target='_blank' href='http://freetamilebooks.com/ebooks/manufacturing-metrology/'>உற்பத்தி அளவையியல்</a>~4579~348~5138~1714~11779
<a target='_blank' href='http://freetamilebooks.com/ebooks/nalan-damayanti/'>நளன் தமயந்தி கதை</a>~6720~1113~7997~5898~21728
<a target='_blank' href='http://freetamilebooks.com/ebooks/namba-mudiyatha-athisayangal/'>நம்ப முடியாத அதிசயங்கள்</a>~20954~6201~52533~12019~91707
<a target='_blank' href='http://freetamilebooks.com/ebooks/yar-antha-thavani/'>யார் அந்த தாவணி &#8211; கவிதைகள்</a>~8927~317~2939~3380~15563
<a target='_blank' href='http://freetamilebooks.com/ebooks/yali-muttai-short-stories-para/'>யாளி முட்டை &#8211; சிறுகதைகள்</a>~4694~511~5735~779~11719
<a target='_blank' href='http://freetamilebooks.com/ebooks/mana-desa-padal/'>மனதேசப் பாடல் &#8211; கட்டுரைகள்</a>~945~604~1292~372~3213
<a target='_blank' href='http://freetamilebooks.com/ebooks/maths-ramanujan/'>கணிதமேதை சீனிவாச இராமானுஜன்</a>~3873~633~15682~3682~23870
<a target='_blank' href='http://freetamilebooks.com/ebooks/friendsthoughtofmybooks/'>வா.மு.கோமுவின் புத்தகங்கள் பற்றி நண்பர்கள்</a>~716~233~762~296~2007
<a target='_blank' href='http://freetamilebooks.com/ebooks/napoleon-drama/'>நெப்போலியன் &#8211; வரலாற்று நாடகம்</a>~18917~976~8709~5283~33885
<a target='_blank' href='http://freetamilebooks.com/ebooks/nallapillai/'>நல்ல பிள்ளை</a>~3149~366~1566~461~5542
<a target='_blank' href='http://freetamilebooks.com/ebooks/undateddiary/'>தேதியிடா குறிப்புகள்</a>~2359~218~1326~392~4295
<a target='_blank' href='http://freetamilebooks.com/ebooks/poonaikkum-adi-sarukkum/'>பூனைக்கும் அடிசறுக்கும் &#8211;  கட்டுரைகள்</a>~2465~511~1704~1137~5817
<a target='_blank' href='http://freetamilebooks.com/ebooks/black-june-2014/'>கறுப்பு ஜூன் 2014</a>~3210~379~2798~913~7300
<a target='_blank' href='http://freetamilebooks.com/ebooks/letstalkaboutbookspart2/'>புத்தகங்கள் பற்றிப் பேசுவோமா! (பகுதி இரண்டு)</a>~1726~337~2153~442~4658
<a target='_blank' href='http://freetamilebooks.com/ebooks/quitsmoking/'>புகைப் பிடிப்பதை விட்டுவிடுவது சாத்தியமே!!</a>~7032~721~3291~1865~12909
<a target='_blank' href='http://freetamilebooks.com/ebooks/good-school/'>எது நல்ல பள்ளி? பேசலாம் வாங்க!</a>~2273~1187~17321~685~21466
<a target='_blank' href='http://freetamilebooks.com/ebooks/growth-of-scientific-thoughts/'>விஞ்ஞானச் சிந்தனையின் வளர்ச்சி</a>~9539~528~5803~6827~22697
<a target='_blank' href='http://freetamilebooks.com/ebooks/tamilamagazineissue2/'>தமிழ் &#8211; மின்னிதழ் 2</a>~2933~231~1289~286~4739
<a target='_blank' href='http://freetamilebooks.com/ebooks/attanga-yogam/'>திருமூலர் அருளிய அட்டாங்கயோகம்</a>~24369~1316~13576~3751~43012
<a target='_blank' href='http://freetamilebooks.com/ebooks/adalam-padalam-kids-songs/'>ஆடலாம் பாடலாம் – சிறுவர் பாடல்கள்</a>~1241~299~1123~440~3103
<a target='_blank' href='http://freetamilebooks.com/ebooks/free-software/'>கட்டற்ற மென்பொருள்</a>~3052~702~16186~3305~23245
<a target='_blank' href='http://freetamilebooks.com/ebooks/thoduvanam_shortstoreis/'>தொடுவானம் சிறு கதைகள்</a>~3589~457~1525~797~6368
<a target='_blank' href='http://freetamilebooks.com/ebooks/mintamizhmedai_april2015/'>மின்தமிழ்மேடை &#8211; சித்திரைத் திருநாள் சிறப்பிதழ்</a>~635~285~2743~887~4550
<a target='_blank' href='http://freetamilebooks.com/ebooks/kamaraj/'>காமராஜ் நெஞ்சில் நிற்கும் நிகழ்ச்சிகள்</a>~14452~4309~14600~2790~36151
<a target='_blank' href='http://freetamilebooks.com/ebooks/vaamuko10stories/'>வா.மு.கோமுவின் பத்துக் கதைகள்</a>~4749~660~4050~807~10266
<a target='_blank' href='http://freetamilebooks.com/ebooks/kakan/'>தியாக சீலர் கக்கன்</a>~4751~717~6682~1320~13470
<a target='_blank' href='http://freetamilebooks.com/ebooks/vanam-journey/'>வனம் – பயணக் கட்டுரை</a>~2450~348~2314~635~5747
<a target='_blank' href='http://freetamilebooks.com/ebooks/innumthaniyavillaisughandirathagam/'>இன்னும் தணியவில்லை சுதந்திர தாகம்</a>~1357~359~2345~645~4706
<a target='_blank' href='http://freetamilebooks.com/ebooks/ayesha/'>ஆயிஷா</a>~3355~785~3040~1504~8684
<a target='_blank' href='http://freetamilebooks.com/ebooks/matchfixing/'>மேட்ச் ஃபிக்சிங் – கிரிக்கெட் கட்டுரைகள்</a>~1831~439~3234~824~6328
<a target='_blank' href='http://freetamilebooks.com/ebooks/kilipechu/'>கிளிப்பேச்சு &#8211; தொகுதி 3</a>~1686~509~1713~1568~5476
<a target='_blank' href='http://freetamilebooks.com/ebooks/socialexperts/'>சமூக அறிஞர்களின் வாசகங்கள்</a>~7545~554~6671~2756~17526
<a target='_blank' href='http://freetamilebooks.com/ebooks/annaiyeithedumanmakal/'>அன்னையைத் தேடும் ஆன்மாக்கள்</a>~2358~359~1811~529~5057
<a target='_blank' href='http://freetamilebooks.com/ebooks/devathaisaranalyam/'>தேவதை சரணாலயம்</a>~2084~330~1722~467~4603
<a target='_blank' href='http://freetamilebooks.com/ebooks/noolsolaullagu/'>நூல்சூழ்உலகு</a>~1046~358~1533~1298~4235
<a target='_blank' href='http://freetamilebooks.com/ebooks/tamizmagazine_issue01/'>தமிழ் மின்னிதழ் &#8211; இதழ் &#8211; 1</a>~10060~275~2011~541~12887
<a target='_blank' href='http://freetamilebooks.com/ebooks/kadhala-kadamaiya/'>காதலா? கடமையா? &#8211; குறுநாவல்</a>~2109~416~3872~550~6947
<a target='_blank' href='http://freetamilebooks.com/ebooks/khadalkhadal/'>காதல் காதல் &#8211; குறுநாவல்</a>~2929~518~3153~2115~8715
<a target='_blank' href='http://freetamilebooks.com/ebooks/punnaikanrukalazghala/'>பூனைக் கன்றுகள் அழகல்ல</a>~1170~341~1269~465~3245
<a target='_blank' href='http://freetamilebooks.com/ebooks/karaikudi-unavagam/'>காரைக்குடி உணவகம்</a>~11810~966~9781~6339~28896
<a target='_blank' href='http://freetamilebooks.com/ebooks/kavithayumkadhaley/'>கவிதையும் காதலே!</a>~3280~471~2301~635~6687
<a target='_blank' href='http://freetamilebooks.com/ebooks/scientistthoughtsonenvironmental/'>சுற்றுச்சூழல் அறிஞர்களின்&#8230;</a>~3180~655~3061~828~7724
<a target='_blank' href='http://freetamilebooks.com/ebooks/icecreambootham/'>ஐஸ் க்ரீம் பூதம்</a>~1765~373~1612~561~4311
<a target='_blank' href='http://freetamilebooks.com/ebooks/devathainpoluthupoku/'>தேவதைகளின் பொழுது போக்கு கவிதை எழுதுவது!</a>~1990~469~3171~520~6150
<a target='_blank' href='http://freetamilebooks.com/ebooks/kadhalthandadevathaiku/'>காதல் தந்த தேவதைக்கு</a>~4477~500~2234~629~7840
<a target='_blank' href='http://freetamilebooks.com/ebooks/pengalopengal/'>பெண்களோ பெண்கள்!</a>~6007~638~3764~1742~12151
<a target='_blank' href='http://freetamilebooks.com/ebooks/avanumoruuyir/'>அவனும் ஓர் உயிர்</a>~2481~1022~1413~511~5427
<a target='_blank' href='http://freetamilebooks.com/ebooks/thoorigaisidharalghal/'>தூரிகைச் சிதறல்</a>~2289~374~1807~1088~5558
<a target='_blank' href='http://freetamilebooks.com/ebooks/factory-notes/'>ஒரு தொழிற்சாலையின் குறிப்புகள்</a>~8286~659~5890~2318~17153
<a target='_blank' href='http://freetamilebooks.com/ebooks/alternatenergy_initiative_savings/'>மாற்று சக்தி முயற்சியா_ சக்தி பேணலா?</a>~5188~442~2601~1993~10224
<a target='_blank' href='http://freetamilebooks.com/ebooks/abiramianthatiintamil/'>அபிராமி அந்தாதி – எளிய தமிழில்</a>~42051~26435~50181~12362~131029
<a target='_blank' href='http://freetamilebooks.com/ebooks/fridayfastingstory/'>வெள்ளிக்கிழமை விரத கதை</a>~5870~1118~7183~2699~16870
<a target='_blank' href='http://freetamilebooks.com/ebooks/38-payon-kavithaighal/'>38 கவிதைகள்</a>~4396~771~2548~1110~8825
<a target='_blank' href='http://freetamilebooks.com/ebooks/vinnavushortstories/'>வினவு சிறுகதைகள்</a>~5877~512~3177~769~10335
<a target='_blank' href='http://freetamilebooks.com/ebooks/meaningoflife/'>வாழ்க்கையின் அர்த்தம்</a>~8496~683~7812~2141~19132
<a target='_blank' href='http://freetamilebooks.com/ebooks/sentencedeath/'>சாவின் டைப்பிஸ்ட்</a>~1680~366~1911~877~4834
<a target='_blank' href='http://freetamilebooks.com/ebooks/ariyaluradukudosai/'>அரியலூர் அடுக்கு தோசை….. இன்னபிற…..</a>~2262~432~2982~700~6376
<a target='_blank' href='http://freetamilebooks.com/ebooks/valipokannin-shortstory/'>வலிப்போக்கன் சிறுகதைகள்</a>~4214~840~3697~1161~9912
<a target='_blank' href='http://freetamilebooks.com/ebooks/streetlight/'>தெருவிளக்கு</a>~1513~313~1554~501~3881
<a target='_blank' href='http://freetamilebooks.com/ebooks/packet-tracer/'>Packet Tracer மூலம் நெட்வொர்க் பயிற்சி ஏடு</a>~4760~481~8628~2390~16259
<a target='_blank' href='http://freetamilebooks.com/ebooks/arasum-puratchiyum/'>அரசும்-புரட்சியும்</a>~8951~1290~18327~11060~39628
<a target='_blank' href='http://freetamilebooks.com/ebooks/ulaviyal/'>உளவியல் உங்களுக்காக!</a>~50472~8873~18312~8791~86448
<a target='_blank' href='http://freetamilebooks.com/ebooks/valipokaninkavithaighal/'>சமூகத்தின் வலிகளை பதிவிடும் வலிப்போக்கனின் கவிதைகள்</a>~7143~387~2549~1632~11711
<a target='_blank' href='http://freetamilebooks.com/ebooks/live-with-fear/'>பயத்தோடு வாழப் பழகிக் கொள்</a>~5675~3196~5313~1914~16098
<a target='_blank' href='http://freetamilebooks.com/ebooks/celebrationdaysinworld/'>உலகில் கொண்டாடப்படும் சிறப்பு தினங்கள்</a>~1738~3332~4056~2853~11979
<a target='_blank' href='http://freetamilebooks.com/ebooks/internet-technologies-part-2/'>இணைய தொழில்நுட்பங்கள் – பகுதி இரண்டு</a>~10684~792~13797~4710~29983
<a target='_blank' href='http://freetamilebooks.com/ebooks/katru-mazhai-veyil-velicham/'>காற்று மழை வெயில் வெளிச்சம் &#8211; கடிதங்கள்</a>~1185~309~1610~1112~4216
<a target='_blank' href='http://freetamilebooks.com/ebooks/symbols-of-tamilnadu/'>தமிழகத்தின் அடையாளச் சின்னங்கள்</a>~20625~692~9521~1706~32544
<a target='_blank' href='http://freetamilebooks.com/ebooks/bharathiyin-vedha-mugam/'>பாரதியின் வேதமுகம்</a>~8969~864~4489~1315~15637
<a target='_blank' href='http://freetamilebooks.com/ebooks/women-as-seen-by-religions/'>மதங்களின் பார்வையில் பெண்கள்</a>~5195~644~16619~2571~25029
<a target='_blank' href='http://freetamilebooks.com/ebooks/kai-kodutha-karigaiyar/'>கை கொடுத்த காரிகையர்</a>~2628~1573~1686~624~6511
<a target='_blank' href='http://freetamilebooks.com/ebooks/glimpses-of-internet-technologies/'>இணைய தொழில்நுட்பங்கள் – ஒரு முன்னோட்டம்</a>~4177~715~24252~2675~31819
<a target='_blank' href='http://freetamilebooks.com/ebooks/national-symbols-of-india/'>இந்திய தேசியச் சின்னங்கள்</a>~3454~739~4861~7064~16118
<a target='_blank' href='http://freetamilebooks.com/ebooks/notes-of-a-reader/'>நூலகவாசியின் குறிப்புகள்</a>~1506~497~1994~601~4598
<a target='_blank' href='http://freetamilebooks.com/ebooks/space-research-center/'>விண்வெளியில் ஆய்வு நிலையம்</a>~4114~851~5008~1743~11716
<a target='_blank' href='http://freetamilebooks.com/ebooks/kili-pechu-part-2/'>கிளிப்பேச்சு &#8211; தொகுதி 2</a>~1334~934~1980~0~4248
<a target='_blank' href='http://freetamilebooks.com/ebooks/sunitha-williams-in-space/'>விண்வெளியில் சாதனை படைத்த சுனிதா வில்லியம்ஸ்</a>~2958~552~2736~784~7030
<a target='_blank' href='http://freetamilebooks.com/ebooks/each-reader-is-a-poet/'>ஒவ்வொரு வாசகனும் கவிஞனே!</a>~3116~628~3386~988~8118
<a target='_blank' href='http://freetamilebooks.com/ebooks/karaikkal-ammaiyar/'>காரைக்கால் அம்மையார்- ஒரு ஆய்வு</a>~2625~9846~33499~1606~47576
<a target='_blank' href='http://freetamilebooks.com/ebooks/rakesh-sharma/'>முதல் இந்திய விண்வெளி வீரர் ராகேஷ் சர்மா</a>~1723~543~9529~849~12644
<a target='_blank' href='http://freetamilebooks.com/ebooks/naguthar-poruttu/'>நகுதற்பொருட்டு</a>~5803~832~4196~1384~12215
<a target='_blank' href='http://freetamilebooks.com/ebooks/first-women-astranaut/'>உலகின் முதல் பெண் விண்வெளி வீரர்</a>~2196~453~19627~960~23236
<a target='_blank' href='http://freetamilebooks.com/ebooks/vedamum-saivamum/'>வேதமும் சைவமும்</a>~11098~1447~104146~7242~123933
<a target='_blank' href='http://freetamilebooks.com/ebooks/boomiyin-ellaiyai-thottavargal/'>பூமியின் எல்லையைத் தொட்டவர்கள்</a>~4404~1081~26145~8401~40031
<a target='_blank' href='http://freetamilebooks.com/ebooks/pallikku-veliye-vaanam/'>பள்ளிக்கு வெளியே வானம்</a>~1646~442~3016~821~5925
<a target='_blank' href='http://freetamilebooks.com/ebooks/valaiyil-vilundha-vannangal-sila/'>வலையில் விழுந்த வண்ணங்கள் சில &#8211; I</a>~1437~530~2764~959~5690
<a target='_blank' href='http://freetamilebooks.com/ebooks/music-genious-raja/'>இசை ஜீனியஸ் ராஜா</a>~6980~1048~19964~2024~30016
<a target='_blank' href='http://freetamilebooks.com/ebooks/kili-pechu/'>கிளிப்பேச்சு</a>~2338~606~2569~1969~7482
<a target='_blank' href='http://freetamilebooks.com/ebooks/vimanam-ottiya-kaigal-illa-pen/'>விமானம் ஓட்டிய கைகள் இல்லாப் பெண்</a>~4503~379~4899~7862~17643
<a target='_blank' href='http://freetamilebooks.com/ebooks/comics-oru-alasal/'>ப்ளேட்பீடியாவின் – காமிக்ஸ் ஒரு அலசல்</a>~2103~574~5062~3800~11539
<a target='_blank' href='http://freetamilebooks.com/ebooks/indiyavin-mukkiya-thinangal/'>இந்தியாவின் முக்கிய தினங்கள்</a>~25117~1750~14954~4429~46250
<a target='_blank' href='http://freetamilebooks.com/ebooks/vinveli-payanam/'>விண்வெளிப் பயணம்</a>~17502~7273~20256~12571~57602
<a target='_blank' href='http://freetamilebooks.com/ebooks/ippadikku-naan/'>இப்படிக்கு நான் (வாழ்க்கை வரலாறு)</a>~917~268~1482~1404~4071
<a target='_blank' href='http://freetamilebooks.com/ebooks/pirabalangal-vazhvile/'>பிரபலங்கள் வாழ்விலே</a>~5615~2892~12131~4061~24699
<a target='_blank' href='http://freetamilebooks.com/ebooks/bharathiyar-history/'>மகாகவி பாரதியார் வரலாறு</a>~203032~8168~17953~7187~236340
<a target='_blank' href='http://freetamilebooks.com/ebooks/learn-gnulinux-in-tamil-part2/'>எளிய தமிழில் GNU/Linux பாகம் &#8211; 2</a>~6634~950~11508~5990~25082
<a target='_blank' href='http://freetamilebooks.com/ebooks/kudisai-novel/'>குடிசை &#8211;  குறுநாவல்</a>~5401~716~3989~1016~11122
<a target='_blank' href='http://freetamilebooks.com/ebooks/sirunani-short-stories/'>சிறுநனி &#8211; சிறுகதைத் தொகுப்பு</a>~3354~644~4070~973~9041
<a target='_blank' href='http://freetamilebooks.com/ebooks/pagutharivin-muranpadugal-paguthariyapadugirathu/'>பகுத்தறிவின் முரண்பாடுகள் பகுத்தறியப்படுகிறது &#8211; பாகம்-1</a>~4042~715~7158~3925~15840
<a target='_blank' href='http://freetamilebooks.com/ebooks/ramayanam/'>கதை கதையாம்_ காரணமாம்! ராமாயணம்</a>~7642~1757~8738~2310~20447
<a target='_blank' href='http://freetamilebooks.com/ebooks/inferno-as-i-read/'>Robert Langdon is back..!  இன்ஃபெர்னோ.. என் வாசிப்பில்..!</a>~2469~819~5814~2433~11535
<a target='_blank' href='http://freetamilebooks.com/ebooks/iniyavai-40/'>இனியவை நாற்பது</a>~4545~2407~7521~2325~16798
<a target='_blank' href='http://freetamilebooks.com/ebooks/maratiyar-history-at-tanjore/'>தஞ்சையை ஆண்ட மராட்டியர் வரலாறு</a>~10500~1483~15286~3121~30390
<a target='_blank' href='http://freetamilebooks.com/ebooks/thaniyangal/'>தானியங்கள்</a>~13834~1421~9253~3135~27643
<a target='_blank' href='http://freetamilebooks.com/ebooks/en-ammachiyin-kavithaigal/'>என் அம்மாச்சியின் கவிதைகள்</a>~1778~486~2436~725~5425
<a target='_blank' href='http://freetamilebooks.com/ebooks/marx/'>என்றென்றும் மார்க்ஸ்</a>~5556~895~6141~3999~16591
<a target='_blank' href='http://freetamilebooks.com/ebooks/kirumigal/'>உடலில் மறைந்திருந்து தாக்கும் கிருமிகள்</a>~5058~703~5277~2509~13547
<a target='_blank' href='http://freetamilebooks.com/ebooks/facebook-stories/'>ஃபேஸ்புக் கதைகள்</a>~6361~918~5711~2205~15195
<a target='_blank' href='http://freetamilebooks.com/ebooks/che-guevara/'>சேகுவேரா (அமெரிக்க உளவுத்துறையின் ரகசியக் குறிப்புகளின் பின்னணியில்)</a>~13340~2606~23121~8614~47681
<a target='_blank' href='http://freetamilebooks.com/ebooks/manadhil-tondriya-ennangal/'>மனதில் தோன்றிய எண்ணங்கள் &#8211; கவிதைகள்</a>~3421~720~4047~1926~10114
<a target='_blank' href='http://freetamilebooks.com/ebooks/aahtalinal-kadhal-seiveer/'>ஆதலினால் காதல் செய்வீர் &#8211; கட்டுரைகள்</a>~5190~668~5688~1276~12822
<a target='_blank' href='http://freetamilebooks.com/ebooks/ponniyin-selvan-abridged-version/'>பொன்னியின் செல்வன் &#8211; சுருக்கப்பட்ட பதிப்பு</a>~97077~14209~53474~20960~185720
<a target='_blank' href='http://freetamilebooks.com/ebooks/oru-lotta-ratham/'>ஒரு லோட்டா ரத்தம் &#8211; நாவல்</a>~4759~868~4723~1365~11715
<a target='_blank' href='http://freetamilebooks.com/ebooks/nedunalvadai/'>சில்லென்று ஒரு காதல் (நெடுநல்வாடை: எளிய வடிவில்)</a>~3249~2256~8476~3680~17661
<a target='_blank' href='http://freetamilebooks.com/ebooks/meeraandmohdariff/'>மீராவும் மொஹம்மது ஆரிஃபும் &#8211; சிறுகதைகள்</a>~2505~559~2918~1083~7065
<a target='_blank' href='http://freetamilebooks.com/ebooks/learn-mysql-in-tamil/'>எளிய தமிழில் MySQL</a>~23507~3052~39856~16345~82760
<a target='_blank' href='http://freetamilebooks.com/ebooks/mawnap-porum-punnagai-authayum/'>மௌனப் போரும் புன்னகை ஆயுதமும் &#8211; ஈழக் கவிதைகள்</a>~0~0~3942~1090~5032
<a target='_blank' href='http://freetamilebooks.com/ebooks/gandhi-punnaigikkirar/'>காந்தி புன்னகைக்கிறார்</a>~2132~621~3408~951~7112
<a target='_blank' href='http://freetamilebooks.com/ebooks/piditha-pathu/'>மாணிக்கவாசகப் பெருமான் அருளிய &#8216;பிடித்த பத்து&#8217;</a>~2345~753~3670~1037~7805
<a target='_blank' href='http://freetamilebooks.com/ebooks/bothinila-short-stories/'>போதி நிலா (சிறுகதைகள்)</a>~6214~607~2715~929~10465
<a target='_blank' href='http://freetamilebooks.com/ebooks/sirikka-vaikkum-sothappalgal/'>சிரிக்க வைக்கும் சொதப்பல்கள்</a>~14340~1579~11762~2321~30002
<a target='_blank' href='http://freetamilebooks.com/ebooks/moondram-puram/'>மூன்றாம் புறம் &#8211; ஒரு புது வித குறுந் தொடர்</a>~2285~561~2315~841~6002
<a target='_blank' href='http://freetamilebooks.com/ebooks/valippokkan-stories/'>வலிப்போக்கனின் சமூகச் சிதறல்கள்</a>~3041~564~4419~1165~9189
<a target='_blank' href='http://freetamilebooks.com/ebooks/kadaisi-pandhu-drama/'>கடைசிப் பந்து &#8211;  நாடகம்</a>~1153~472~1680~705~4010
<a target='_blank' href='http://freetamilebooks.com/ebooks/useful-free-software/'>பயனுள்ள கட்டற்ற மென்பொருட்கள்</a>~3736~744~10131~3636~18247
<a target='_blank' href='http://freetamilebooks.com/ebooks/yogasanam/'>யோகாசனம்</a>~50118~17422~33211~9691~110442
<a target='_blank' href='http://freetamilebooks.com/ebooks/keeranin-kavithai-keetrugal/'>கீரனின் கவிதைக் கீற்றுகள்</a>~1401~534~3307~796~6038
<a target='_blank' href='http://freetamilebooks.com/ebooks/thirumandhiram/'>திருமந்திரம் விளக்க உரையுடன் பாடல்கள் 1 – 150</a>~14389~4478~20477~12806~52150
<a target='_blank' href='http://freetamilebooks.com/ebooks/unavum-udalnalamum/'>உணவும் உடல்நலமும்</a>~9199~1620~11515~3146~25480
<a target='_blank' href='http://freetamilebooks.com/ebooks/unnai-vida-matten/'>உன்னை விட மாட்டேன்</a>~4046~658~11498~1897~18099
<a target='_blank' href='http://freetamilebooks.com/ebooks/eruzhvali-short-stories-poems/'>எறுழ்வலியின் சிறுகதைகள் மற்றும் கவிதைகள்</a>~2115~670~2936~1059~6780
<a target='_blank' href='http://freetamilebooks.com/ebooks/south-korea-travelog/'>பயணங்கள் தொடர்கின்றன – தென் கொரியா (2003)</a>~1713~620~2795~898~6026
<a target='_blank' href='http://freetamilebooks.com/ebooks/sriramanin-pathaiyil-oru-payanam/'>ஶ்ரீராமனின் பாதையில் ஒரு சிறு பயணம்</a>~2838~605~6214~936~10593
<a target='_blank' href='http://freetamilebooks.com/ebooks/tharunam/'>தருணம்</a>~3435~734~3313~1114~8596
<a target='_blank' href='http://freetamilebooks.com/ebooks/rajavum-pirarum/'>ராஜாவும் பிறரும்</a>~6316~1092~7600~2059~17067
<a target='_blank' href='http://freetamilebooks.com/ebooks/konjam-soru-konjam-varalaru/'>கொஞ்சம் சோறு கொஞ்சம் வரலாறு</a>~9998~1434~27847~3721~43000
<a target='_blank' href='http://freetamilebooks.com/ebooks/kadhal-pracharam/'>காதல் பிரசாரம்</a>~3784~674~3215~1033~8706
<a target='_blank' href='http://freetamilebooks.com/ebooks/appavi-vishnu/'>அப்பாவி விஷ்ணு</a>~3962~771~10815~1164~16712
<a target='_blank' href='http://freetamilebooks.com/ebooks/murugan-padalgal/'>முருகன் பாடல்கள்</a>~8774~1599~28850~8891~48114
<a target='_blank' href='http://freetamilebooks.com/ebooks/karpom-computer-news/'>கற்போம் &#8211; கணிணி செய்திகள்</a>~8800~975~14868~2831~27474
<a target='_blank' href='http://freetamilebooks.com/ebooks/devan-100/'>தேவன் நூறு</a>~1411~513~2339~820~5083
<a target='_blank' href='http://freetamilebooks.com/ebooks/sadhaminiyin-alapparaigal/'>சாதாம்மிணியின் அலப்பறைகள்</a>~1456~563~2445~788~5252
<a target='_blank' href='http://freetamilebooks.com/ebooks/intha-pidi-innum-50-kavithaigal/'>இந்தா பிடி இன்னும் 50 (கவிதைகள்)</a>~2008~836~0~2249~5093
<a target='_blank' href='http://freetamilebooks.com/ebooks/tamilar-desam/'>தமிழர் தேசம்</a>~11035~1170~15680~4585~32470
<a target='_blank' href='http://freetamilebooks.com/ebooks/panbudan-special-edition/'>பண்புடன் சிறப்பிதழ்</a>~2046~559~2986~716~6307
<a target='_blank' href='http://freetamilebooks.com/ebooks/pattinathar-songs/'>பட்டினத்தடிகளின் பாடல்கள்</a>~26231~14165~142156~9191~191743
<a target='_blank' href='http://freetamilebooks.com/ebooks/rathi-veethi/'>ரதி வீதி</a>~2144~674~3265~3311~9394
<a target='_blank' href='http://freetamilebooks.com/ebooks/kural-vidu-thoodhu/'>குறள் விடு தூது</a>~1530~508~8095~1092~11225
<a target='_blank' href='http://freetamilebooks.com/ebooks/transit-of-venus-june6-2012/'>வெள்ளி இடைநகர்வு ஜூன் 6 2012</a>~0~0~6735~0~6735
<a target='_blank' href='http://freetamilebooks.com/ebooks/learn-gnulinux-in-tamil-part1/'>எளிய தமிழில் GNU/Linux பாகம் &#8211; 1</a>~28136~5435~12819~5784~52174
<a target='_blank' href='http://freetamilebooks.com/ebooks/inspector-kumar/'>குமார் துப்பறிகிறார்</a>~6502~1057~5320~1544~14423
<a target='_blank' href='http://freetamilebooks.com/ebooks/upanayanam/'>உபநயனம்</a>~2564~813~4416~1178~8971
<a target='_blank' href='http://freetamilebooks.com/ebooks/kadaisi-pakkam/'>கடைசிப் பக்கம்</a>~1522~1388~2426~913~6249
<a target='_blank' href='http://freetamilebooks.com/ebooks/om-namasivaya/'>ஓம் நமச்சிவாயா &#8211; திருக்கைலை யாத்திரை</a>~5594~1077~6410~1786~14867
<a target='_blank' href='http://freetamilebooks.com/ebooks/thiruppavai/'>ஆண்டாள் அருளிய திருப்பாவை</a>~18621~4211~16341~0~39173
<a target='_blank' href='http://freetamilebooks.com/ebooks/white-slaves/'>வெள்ளை அடிமைகள்</a>~5036~1002~12074~2091~20203
<a target='_blank' href='http://freetamilebooks.com/ebooks/abirami-andhadhi/'>அபிராமி அந்தாதி</a>~5849~1020~6950~34239~48058
<a target='_blank' href='http://freetamilebooks.com/ebooks/thanneer-vitta-valarthom/'>தண்ணீர் விட்டா வளர்த்தோம்? &#8211; வரலாறு</a>~8837~672~4518~977~15004
<a target='_blank' href='http://freetamilebooks.com/ebooks/one-bucket-oxygen/'>ஒரு வாளி ஆக்சிஜன்</a>~5078~1337~5688~1752~13855
<a target='_blank' href='http://freetamilebooks.com/ebooks/muraisara-kurippugal/'>முறைசாராக் குறிப்புகள்</a>~1582~525~3115~1176~6398
<a target='_blank' href='http://freetamilebooks.com/ebooks/puthaiyal-theevu/'>புதையல் தீவு</a>~10751~1294~7670~2275~21990
<a target='_blank' href='http://freetamilebooks.com/ebooks/kutriyalulugam/'>குற்றியலுலகம்</a>~2203~643~3700~1596~8142
<a target='_blank' href='http://freetamilebooks.com/ebooks/british-agent/'>பிரிட்டிஷ் ஏஜெண்ட்</a>~4954~1061~6593~1777~14385
<a target='_blank' href='http://freetamilebooks.com/ebooks/manmathan-leelaigal/'>மன்மதன் லீலைகள் (என் கிழிந்த டைரியிலிருந்து..)</a>~25062~2749~20805~5819~54435
<a target='_blank' href='http://freetamilebooks.com/ebooks/thisai-kaatti-paravai/'>திசை காட்டிப் பறவை</a>~3152~695~4487~1774~10108
<a target='_blank' href='http://freetamilebooks.com/ebooks/story-of-a-foetus/'>கருவே கதையானால்</a>~1835~580~2904~810~6129
<a target='_blank' href='http://freetamilebooks.com/ebooks/nalliravum-kadalum-naanum/'>நள்ளிரவும் கடலும் நானும்</a>~3769~666~3329~1104~8868
<a target='_blank' href='http://freetamilebooks.com/ebooks/sattaiyadi/'>சாட்டையடித் தோலுரிப்பில் கிழிந்து தொங்கும் முகமூடிகளும் வாழ்க்கையின் நிதர்சனம் சக்கையாகப் பிழிந்துபோட்ட சுயங்களும்</a>~5654~635~3586~1443~11318
<a target='_blank' href='http://freetamilebooks.com/ebooks/twitter-guide/'>ட்விட்டர் கையேடு</a>~17091~802~8309~2095~28297
<a target='_blank' href='http://freetamilebooks.com/ebooks/arrahman/'>ஏ.ஆர்.ரஹ்மான்</a>~0~0~0~321001~321001
<a target='_blank' href='http://freetamilebooks.com/ebooks/ezham-vandhargal-vendrargal/'>ஈழம் &#8211; வந்தார்கள் வென்றார்கள்</a>~29189~2296~24454~4147~60086
<a target='_blank' href='http://freetamilebooks.com/ebooks/few-books/'>சில புத்தகங்கள்&#8230;</a>~3995~737~6527~7451~18710
<a target='_blank' href='http://freetamilebooks.com/ebooks/pulappada-ulagil-pulappatta-keetrugal/'>புலப்படா உலகில் புலப்பட்ட கீற்றுகள்</a>~9288~2541~11307~2873~26009
<a target='_blank' href='http://freetamilebooks.com/ebooks/a-journey-through-a-school/'>பள்ளியினூடே ஒரு பயணம்</a>~3175~3316~6180~1882~14553
<a target='_blank' href='http://freetamilebooks.com/ebooks/kambaramayanam-text/'>உரைநடையில் கம்பராமாயணம்</a>~14725~4396~20089~5808~45018
<a target='_blank' href='http://freetamilebooks.com/ebooks/how-to-create-blog/'>ப்ளாக் தொடங்குவது எப்படி?</a>~12565~3583~29958~10214~56320
<a target='_blank' href='http://freetamilebooks.com/ebooks/vinaiooki-short-stories/'>வினையூக்கி சிறுகதைகள்</a>~44868~1583~6685~1524~54660
<a target='_blank' href='http://freetamilebooks.com/ebooks/vinavu-science-pages/'>வினவு அறிவியல் பக்கங்கள்</a>~13077~1164~11599~4994~30834
<a target='_blank' href='http://freetamilebooks.com/ebooks/philosophical-stories/'>தத்துவக் கதைகள்</a>~18827~6411~6420~10223~41881
<a target='_blank' href='http://freetamilebooks.com/ebooks/monitor-ulagam/'>மானிட்டர் உலகம்</a>~5337~2050~11408~0~18795
<a target='_blank' href='http://freetamilebooks.com/ebooks/seethayanam/'>சீதாயணம்</a>~4960~1718~121747~3640~132065
<a target='_blank' href='http://freetamilebooks.com/ebooks/tamil-indru/'>தமிழ் இன்று</a>~4007~2020~0~5444~11471
